movie.num,movie.year,movie.name
1,2003,Dinosaur Planet
25,1997,Inspector Morse 31: Death Is Now My Neighbour
49,2003,Devo: The Complete Truth About De-evolution
97,2002,Mostly Martha
121,2003,Beyonce: Live at Wembley
145,1978,Get Out Your Handkerchiefs
169,2004,Cartoon Network Halloween: 9 Creepy Cartoon Capers
193,2005,Marilyn Manson: Fear of a Satanic Planet
217,1988,Cherry 2000
265,2002,The Jeff Corwin Experience: Costa Rica and the Amazon
289,1998,The Avengers
313,2000,Pay It Forward
337,1983,Star 80
361,2004,The Phantom of the Opera: Special Edition
385,2002,The Santa Clause 2
409,1966,Godzilla vs. The Sea Monster
433,1993,Untamed Heart
457,2004,Kill Bill: Vol. 2
481,2002,Building the Great Pyramid
505,1997,A Thousand Acres
529,1998,Summer of the Monkeys
553,1995,Rangeela
577,1961,The Twilight Zone: Vol. 36
601,1992,The Smiths: The Complete Picture
625,1999,Underground Comedy Movie
649,1999,Ricky Martin: The Ricky Martin Video Collection
673,1999,Fight Club: Bonus Material
697,2000,Caillou: Caillou's Treasure Hunt and Other Adventures
721,1994,Royal Deceit
745,1979,Fantasy Mission Force
793,2004,By Brakhage: An Anthology
817,1980,My Bodyguard
841,1994,There Goes My Baby
865,2005,Elvis by the Presleys
889,2004,Reno 911: Season 2
913,1979,Dead Kennedys: In God We Trust, Inc.
937,1998,Fallen
985,1999,The Mummy
1009,1997,Judaai
1033,1999,Spy Games
1057,1989,Doctor Who: Ghost Light
1081,2002,Back by Midnight
1105,1993,RoboCop 3
1177,2004,Essential Music Videos: Totally 80s
1201,1991,True Colors
1225,2000,Jim Breuer: Heavy Metal Comedy
1249,1978,Taxi: Season 1
1273,1999,The Thrill Seekers
1297,1999,Agnes Browne
1321,2005,Midori Days
1345,1996,Tierra
1369,1996,Breeders
1393,1998,Mr. Murder
1417,2002,Shakedown
1441,1998,Stargate SG-1: Season 2
1465,2001,Hysteria: The Def Leppard Story
1489,2002,American Adobo
1513,1962,The Twilight Zone: Vol. 42
1537,2002,Yes Nurse! No Nurse!
1561,2003,American Wedding
1585,2001,Joy Ride
1609,1984,Hunter: Season 1
1633,1988,The Serpent and the Rainbow
1657,1995,Forbidden Games
1681,2003,The Tesseract
1705,2004,Agatha Christie's Marple: Series 1
1729,1999,Roughnecks: The Starship Troopers Chronicles: The Zephyr Campaign
1753,2004,Making Marines
1777,1992,Tito and Me
1801,1965,That Darn Cat
1849,2002,Michael Colyar: The Michael Colyar Project
1873,1999,A Voice from Heaven
1897,1998,Route 9
1921,2001,One Week
1945,2001,From Hell: Bonus Material
1993,1994,The Night and the Moment
2017,1991,The People Under the Stairs
2041,1998,Silent Mobius: Vol. 2
2065,2001,I Love Budapest
2089,2001,Strawberry Eggs (I My Me!)
2113,2000,Air Bud: World Pup
2137,1997,Excess Baggage
2161,1993,Six Degrees of Separation
2185,2002,Great North: IMAX
2209,1981,On Golden Pond
2233,2002,Dracula's Curse
2257,1967,The Shooting
2281,1999,Midnight Dancers
2305,2005,The Man Who Copied
2329,2004,Control Room
2353,2004,Fly Jefferson Airplane
2377,1983,Princess Daisy
2401,2000,The Pornographer
2425,1998,The Swan Princess: Mystery of the Enchanted Treasure
2473,1983,The Osterman Weekend
2497,1992,The Tune
2521,1988,Punchline
2545,1978,Avalanche
2569,2002,Washington Heights
2617,2002,Ghost Ship
2641,1977,The Sentinel
2665,1998,Midsomer Murders: Faithful Unto Death
2689,2002,Minority Report: Bonus Material
2737,1981,Saturday the 14th
2761,1999,The Beatles: Celebration
2785,2003,Inhabited
2809,2005,Beauty Shop
2833,2004,Blue's Clues: Blue's Room Snacktime Playdate
2857,1965,The Spy Who Came In from the Cold
2881,2002,Zig Zag: Special Edition
2905,1998,Croupier
2929,2003,Visitors
2953,1987,Moonstruck
2977,2002,Teknolust
3001,2003,Last of the Mississippi Jukes
3025,2000,Ah! My Goddess: The Movie
3049,1976,At the Earth's Core
3073,1997,Ballykissangel: Series 2
3097,2001,Crash Course
3145,1993,Lost in Yonkers
3169,1994,DNA2
3193,2000,Peach/ A Bitter Song/ Lavendar Limelight
3217,1991,Robin Hood
3241,1999,Suze Orman: The Courage to be Rich
3265,1990,The Grifters
3289,2001,My Louisiana Sky
3313,1999,The Substitute/The Substitute 3
3337,2004,Monster Island
3361,2002,Hairdo U
3385,2002,28 Days Later
3409,1998,The Grand: Series Two
3433,1992,Forever Young
3481,1999,Ravenous
3505,2001,Freddy Got Fingered
3529,1999,Twin Dragons
3577,1999,Escape to Watership Down
3625,1983,Suburbia
3649,1965,Von Ryan's Express
3673,1998,Coming Home
3697,2002,Proof Positive
3721,1996,Sacred Silence
3745,2001,The First Annual PlanetOut.com Short Movie Awards Highlights
3769,2004,Wonderfalls: The Complete Series
3793,2001,Kaaterskill Falls
3817,1994,Stargate
3841,1996,Tenchi the Movie: Tenchi Muyo! In Love
3865,1991,Suburban Commando
3889,2005,Assisted Living
3913,1968,Dark Shadows: Vol. 6
3937,1974,Butley
3961,2001,Ram Dass: Fierce Grace
3985,2002,Crop Circles: Quest for Truth
4009,1999,Intimate Betrayal
4033,2005,Alias: Season 4
4057,2000,Sharks: Great White / Ultimate Guide to Sharks
4081,1980,Last Flight of Noah's Ark
4105,2002,Ranma 1/2: Ranma Forever: Vol. 8: Someday, Somehow
4129,1970,Santa Claus Is Comin' to Town
4153,1981,Tarzan, the Ape Man
4177,1988,Salaam Bombay!
4201,1996,Walking and Talking
4225,1999,Life
4273,2002,Jack Johnson: The September Sessions
4297,1998,Eden
4321,1990,A Better Tomorrow III
4345,2002,Bowling for Columbine
4369,1981,Porky's
4393,1994,The Mask: Special Edition
4417,2005,Welcome to Mars: Nova
4441,1996,The Last Supper
4465,1998,The Big One
4489,1961,Mysterious Island
4513,2004,Carly Simon: Live from Martha's Vineyard
4537,1997,Legend of the Wolf
4561,1999,Everybody Loves Raymond: Season 4
4609,1967,Bob Dylan: Don't Look Back
4633,1982,Gandhi
4657,2004,Comfort and Joy
4681,1998,Orphans
4705,1987,Overboard
4729,1967,Ulysses
4753,2003,Cabin Fever
4777,1983,Videodrome
4801,2003,Darkness Falls
4825,1985,"Brazil: The ""Love Conquers All"" Version"
4849,1981,Taps
4873,1968,The Doris Day Show: Season 1
4897,1961,Nikki: Wild Dog of the North
4921,1995,Megaman: Battle for the Future
4945,1973,5 Films About Christo & Jeanne-Claude
4969,1981,The Flame Trees of Thika
4993,2004,Chicago with Earth, Wind & Fire: Live at the Greek Theatre
5017,1963,A New Kind of Love
5041,1998,Clay Pigeons
5089,2002,Fushigi Yugi: The Mysterious Play: Eikoden
5113,1985,Subway
5137,1985,Out of Africa
5161,2005,Pride FC: Body Blow
5185,2004,Shadow of Fear
5209,1997,Dein Perry's: Tap Dogs
5233,2004,Alien 3000
5257,2003,The Secret Lives of Dentists
5281,2004,Paranoia 1.0
5305,1993,Judgment Night
5329,2005,The Dream of Sparrows: Iraq Eye Group: Vol. 1
5353,1970,Zatoichi Meets Yojimbo
5377,1998,Lateline: The Complete Series
5401,2004,Dodgeball: A True Underdog Story
5425,1999,Best Laid Plans
5449,2004,Ab Tak Chhappan
5473,1969,The Undefeated
5521,1988,Stealing Home
5545,2002,Bad Company
5593,1999,Durango Kids
5617,2000,Hanging Up
5641,1995,Voodoo
5665,1987,The Secret of My Success
5689,1982,Forced Vengeance
5713,2000,Backlash
5737,1999,Two Ninas
5761,2001,Dawson's Creek: Season 5
5785,2000,The Cars: Live
5809,1988,Eight Men Out
5833,1968,Bandolero!
5857,1992,Citizen Cohn
5881,2001,Lagaan
5905,1998,The Worst Witch: Miss Cackle's Birthday Surprise
5929,2004,Willie Nelson: Live at Billy Bob's Texas
5953,2001,The Middle Passage
5977,1998,Why Do Fools Fall in Love
6001,1992,Tom and Jerry: The Movie
6025,2002,Benjamin Franklin
6049,2002,Azumanga Daioh
6073,1996,Bulletproof
6097,2002,Blushing Bloopers
6121,2002,Kirby: Kirby Comes to Cappytown
6145,1999,The King of Masks
6169,1977,Operation Thunderbolt
6193,1991,Freejack
6217,1999,Q: The Movie
6241,1965,"Operation ""Y"" and Other Shurik's Adventures"
6265,1976,Jackson County Jail
6289,2005,The Perfect Neighbor
6313,2002,Plan Colombia: Cashing in on the Drug War Failure
6337,2001,Joe Dirt
6361,2001,Traveling to Olympia
6385,1991,Body Chemistry II: Voice of a Stranger
6409,2003,Bulgarian Lovers
6433,2003,Barney's Outdoor Fun!
6481,2000,Beat
6529,1977,Three's Company: Season 1
6577,1998,Roaring Glory Warbirds: Vought F4U Corsair
6601,1999,Above All Else: The Everest Dream
6625,2002,Lupin the 3rd: The Secret of Twilight Gemini
6649,2002,Ozzy Osbourne: Live at Budokan
6673,2004,Godsend
6697,1998,Smoke Signals
6721,2004,Suspect Zero
6745,1991,100 Days
6769,1987,Jackson Pollock
6793,1999,Dilbert: The Complete Series
6817,1989,Tour of Duty: Season 2
6841,2004,MARS Dead or Alive: Nova
6865,2004,Rave Master
6889,1992,When the Party's Over
6913,1994,The Defender
6937,1996,Spin City: Michael J. Fox: His All-Time Favorites: Vol. 1
6961,1997,George of the Jungle
6985,1979,Real Life
7009,2002,Undercover Brother
7033,2004,A Date with Shahrukh
7057,2002,Lord of the Rings: The Two Towers: Extended Edition
7081,1991,Cabeza De Vaca
7129,2004,Major League Soccer: Greatest Goals 1996-2003
7153,1972,Hanzo the Razor: Sword of Justice
7177,1996,Palookaville
7201,2004,Hitman's Code
7225,1993,Hear No Evil
7249,2004,Alfie
7273,2004,Mayor of the Sunset Strip
7297,1993,Claire of the Moon
7321,2001,Fat Girl
7345,1991,God of Gamblers II
7369,2003,Wanda Sykes: Tongue Untied
7393,1993,Prime Suspect 3
7417,1986,Under the Cherry Moon
7441,2003,Perfect Strangers
7465,2004,The Life
7489,1998,Portland Street Blues
7513,2003,The Life of David Gale
7561,1966,Su Excelencia
7585,1989,Kill Me Again
7609,1998,Bear in the Big Blue House: Sleepy Time
7633,1998,Can't Hardly Wait
7657,1999,SpongeBob SquarePants: Tide and Seek
7681,2004,Island at War
7705,1992,Final Analysis
7729,1988,Inspector Wears Skirts
7753,1983,All Creatures Great and Small: The Specials
7777,1997,River Made to Drown In
7801,1989,The Abyss: Bonus Material
7825,2001,Prince Charming
7849,1987,Unsolved Mysteries: Ghosts
7873,2002,The Stalker
7897,2002,Alanis Morissette: Feast on Scraps
7921,2005,Day of the Dead 2: Contagium
7945,2001,Pyaar Tune Kya Kiya
7969,1978,7 Grand Masters
8017,1964,The Munsters: Season 1
8041,2002,Rare Birds
8065,1988,Lady in White
8089,1990,My Mother's Castle
8113,1994,Sweet Valley High: Season 1
8137,1968,Lost in Space: Season 3: Vol. 2
8161,2004,Helter Skelter: Director's Cut
8185,2001,Final Fantasy Unlimited
8209,2004,Pablo Francisco: Bits and Pieces
8233,1968,Destroy All Monsters
8257,1998,Totally Confused
8281,1999,World Class Trains
8305,1997,In Praise of Older Women
8329,1977,Airport '77 / The Concorde: Airport '79: Double Feature
8353,1999,The Best of Film Noir
8377,1999,Felicia's Journey
8401,1997,Teenage Catgirls in Heat
8425,2000,Picking Up the Pieces
8449,1999,Ratas Ratones Rateros
8497,1971,Support Your Local Gunfighter
8521,2003,The Flower of Evil
8545,2004,Metallica: Some Kind of Monster
8569,1994,Swimming with Sharks
8593,2000,Mexico City
8617,1989,Red Scorpion
8641,1998,Hard Rain
8665,2001,The Seventh Stream
8689,1981,Carbon Copy
8713,1976,The Best of Charlie's Angels
8761,1995,She Fought Alone
8785,1981,Christiane F.: A True Story
8809,2002,Star Trek: Nemesis
8857,1989,Troop Beverly Hills
8881,1987,RoboCop
8905,2001,Knight Hunters
8929,2003,Winsor McCay: The Master Edition
8953,2003,MTV Video Music Awards Collection: Rock
9025,1993,City Hunter
9049,1997,Boogie Nights
9073,2002,Dawg
9097,1986,Gung Ho
9145,2005,Alicia Keys: Unplugged
9169,1966,A Funny Thing Happened on the Way to the Forum
9193,1992,George Carlin: Doin' It Again
9217,1981,Cheech & Chong's Nice Dreams
9241,2000,Before Night Falls
9265,1992,Batman Returns
9289,2003,The Five Obstructions
9313,2000,The Elite
9337,1979,Three's Company: Season 4
9361,2001,Second to Die
9385,1996,Legend of Crystania: The Chaos Ring
9409,1970,Isle of Wight Festival: Message to Love: 1970
9433,1971,Fiddler on the Roof
9457,2004,Wacky Races: The Complete Series
9481,1972,Deliverance
9505,1997,Insomnia
9529,2003,National Lampoon's Christmas Vacation 2: Cousin Eddie's Island Adventure
9553,2002,And Now ... Ladies and Gentlemen
9577,1990,Jeeves and Wooster: Season 4
9601,1997,The Wedding Party
9649,2004,Ramones: Raw
9673,2001,The Weight of Water
9697,2001,Love in a Cold Climate
9721,1995,Bloodfist 8: Hard Way Out
9745,2001,Deuces Wild
9769,2001,Dead in the Water
9793,2005,Vaada
9817,1974,Juggernaut
9841,2003,The Order
9865,2003,Miracles: The Complete Series
9889,1987,Heat
9913,2003,The Animatrix
9937,1983,Knight Rider: Season 2
9961,2001,Monty Python Live!
9985,1996,Foxfire
10009,2000,All My Loved Ones
10033,1991,Teenage Mutant Ninja Turtles II: The Secret of the Ooze
10057,1996,The Titanic (Documentary)
10081,2004,Reconstruction: The Second Civil War: American Experience
10105,1987,The Big Easy
10129,2002,Paper Soldiers
10153,1999,The Adventures of Sebastian Cole
10177,1985,Wetherby
10201,2003,Colosseum: A Gladiator's Story
10225,1993,Groundhog Day
10249,1988,Stormy Monday
10297,1998,Fifteen & Pregnant
10321,1975,Upstairs, Downstairs: Season 5
10345,1965,Cat Ballou
10369,1972,Upstairs, Downstairs: Season 2
10393,2000,Just One Time
10417,2000,Jesus
10441,2004,Fred Rogers: America's Favorite Neighbor
10465,2002,Bruce Springsteen and The E Street Band: Live in Barcelona
10513,2001,La Repetition
10537,2001,America: A Tribute to Heroes
10561,2005,Ice Princess
10585,1998,Duplicate
10609,1978,Best of The Muppet Show: Harry Belafonte / Linda Ronstadt / John Denver
10633,2003,It Runs in the Family
10657,2000,Joe Gould's Secret
10681,2000,Flickering Lights
10705,1998,The Cheap Killers
10729,1985,Ran
10753,1999,Invisible Mom 2
10777,1999,Battle Athletes Victory: Vol. 3: Tragedy & Triumph
10801,1999,The Best of the Andy Williams Show
10825,1993,Red Dwarf: Series 6
10849,1992,The Iceman: Confessions of a Mafia Hitman
10873,2004,A Different Loyalty
10897,1978,Don
10921,2003,Just Married
10945,1997,The Land Before Time V: The Mysterious Island
10993,2000,Boys Life 3
11017,1965,Father of a Soldier
11041,2003,The Weather
11065,1994,A Low Down Dirty Shame
11089,2001,Monsters, Inc.
11113,1999,Jesus and the Shroud of Turin
11137,1996,Bogus
11161,2000,The Next Best Thing
11209,1983,Risky Business
11233,1975,Baretta: Season 1
11257,1996,Original Gangstas
11305,2002,Queen: Greatest Video Hits 1
11329,2001,Stripped
11353,1999,Indigo Girls: Live at the Fillmore, Denver
11377,2001,Chilly Dogs
11401,1999,The Thirteenth Floor
11425,2003,The Big Empty
11473,1996,The Sorcerer Hunters
11497,1998,Outrage
11521,2002,Lord of the Rings: The Two Towers
11545,2001,The Blair Thumb
11569,2004,The Hee Haw Collection: Vol. 3
11593,1995,Tom and Huck
11617,1993,Green Snake
11641,1994,My So-Called Life
11665,1999,Hide and Seek
11689,1980,Ffolkes
11713,1999,Dark Shadows
11737,1987,Mr. Vampire 3
11761,2000,Orfeu
11785,1980,Pride and Prejudice
11809,1996,Bob Hope: Hollywood's Brightest Star
11833,1997,All Over Me
11857,2000,The Man Show: Season 2
11881,1993,For Love or Money
11905,2002,Sam & Janet
11929,1997,Anaconda
11953,2001,The Duplicate
11977,2002,The Dead Zone
12001,1995,El Callejon De Los Milagros
12025,1994,That's Entertainment 3
12049,1995,John Denver: Wildlife Concert
12073,2001,Rain
12097,1988,Without a Clue
12121,2000,Pretty Devils
12145,1981,Absence of Malice
12169,2000,Duets
12193,2002,The Fabulous '50s
12217,1994,One Arm Hero
12241,2003,Family Reunion
12265,1978,The Challenge of the Superfriends: Season 1
12289,1998,Kareeb
12313,1973,The Mack
12337,1972,Slaughterhouse Five
12385,1995,The Autopsy Files
12409,2005,Today You Die
12433,1961,Mr. Sardonicus
12457,2002,Bark
12481,1995,Beyond the Clouds
12505,1984,Care Bears: Kingdom of Caring
12529,1998,Darkness Falls
12553,2000,Legend of Loch Lomond: IMAX
12577,1962,Beany and Cecil
12601,2004,Justice League: The Brave and the Bold
12625,1984,Boy Meets Girl
12649,2000,Attraction
12673,2002,Wisegirls
12697,1992,Tropical Rainforest: IMAX
12745,1986,River's Edge
12793,1987,Alf: Season 2
12817,2001,Black River
12841,1973,The Boy in the Plastic Bubble / The Harrad Experiment: Double Feature
12865,2001,The Shrink Is In
12889,1975,Race with the Devil
12913,1988,Funny Farm
12937,1999,Buffy the Vampire Slayer: Season 4
12961,2000,Sally Hemings: An American Scandal
12985,2005,Tom and Jerry: Spotlight Collection: Vol. 2
13009,2004,Yoga: Step by Step
13033,2000,Death Row Uncut
13081,2004,Troy
13105,2000,Manilow: Live
13129,1998,Sex and the City: Season 1
13153,2002,Wish You Were Dead
13177,2002,CSI: Miami: Season 1
13201,1993,Deadful Melody
13225,1997,Under Pressure
13249,2003,The Butterfly
13273,2004,House of Flying Daggers
13297,2004,Cirque du Soleil: Midnight Sun
13321,2001,Kuch Khatti Kuch Meethi
13345,1978,Langrishe, Go Down
13369,2002,PRIDE Fighting Championships: Cold Fury 2
13393,1990,Alice
13417,1997,Home Alone 3
13465,2000,In the Beginning
13489,2000,Attila
13513,1986,No Mercy
13537,1967,Otis Redding: Remembering Otis
13561,2003,Monsieur Ibrahim
13585,2001,Downtown 81
13609,2000,Clint Eastwood: Out of the Shadows
13633,1962,Girls! Girls! Girls!
13657,1979,Christ Stopped at Eboli
13681,2001,Surviving Gilligan's Island
13705,1992,Basic Instinct
13729,2003,Blue Man Group: The Complex Rock Tour Live
13753,2002,Wolves of Wall Street
13777,1987,Heaven
13801,1970,Night Gallery: Season 1
13825,1988,The Vanishing
13849,1998,Trans
13873,2001,The Breed
13897,2002,Witch Hunter Robin
13921,2002,Searching for Debra Winger
13945,2002,The Gatekeeper
13969,2003,Patricia Routledge in Three Portraits
13993,1993,Babylon 5: The Gathering
14017,1999,Batman Beyond: School Dayz / Spellbound
14041,2001,Chasing Holden
14065,1994,Little Big League
14089,2004,Mo'Nique: One Night Stand
14113,2003,Stitch! The Movie
14137,1995,Johnny Mnemonic
14185,1964,Mary Poppins
14209,2000,Pitch Black
14233,2002,Dirty Pretty Things
14257,1997,The Life of Jesus
14305,1992,Wild Orchid 2
14329,1996,Occasional Hell
14377,1998,Home Fries
14401,2002,Ranma 1/2: Ranma Forever: Vol. 5: Wretched Rice Cakes of Love
14425,1980,Shogun
14449,1992,Moody Blues: A Night at Red Rocks
14497,1998,The Last Don II
14521,2001,Roswell: Season 3
14545,2004,King Arthur
14569,1963,Judy Garland: Live at the London Palladium
14593,1993,My Life
14617,1965,The Three Stooges Cartoons
14641,2003,NFL Films: Ice Bowl / Green Bay Packers History
14665,1969,Benny Hill: Complete and Unadulterated: The Naughty Early Years: Set 3
14713,1988,Off Limits
14737,2002,The Sweetest Thing
14761,1993,Visions of Light
14785,1987,Big Bad Mama 2
14809,1966,Walk, Don't Run
14833,1993,Puppetmaster
14857,2002,First Shot
14881,2000,Anne of Green Gables: The Continuing Story
14905,1978,Soap: Season 2
14929,1995,Angela
14953,1986,Pretty in Pink
14977,1984,Streets of Fire
15001,2002,Ai Yori Aoshi
15025,1999,Seventh Sense
15049,1988,Red Dwarf: Series 4: Bonus Material
15073,1966,The Avengers '66
15097,2003,Blue Citrus Hearts
15121,2003,National Geographic: Surviving West Point
15145,2004,With God on Our Side: George W. Bush and the Rise of the Religious Right in America
15169,1973,One Little Indian
15217,2005,Baki the Grappler
15265,1972,Napoleon & Samantha
15289,1970,Joe
15313,2004,In Enemy Hands
15337,2001,Sound of the Sea
15361,2001,Iris
15385,1997,Amistad
15409,2004,Eurotrip
15433,1992,Bikini Summer 2
15457,2003,Jeff Foxworthy: You Might Be a Redneck / Check Your Neck
15481,2001,See Spot Run
15505,1997,Moon Over Broadway
15529,1997,Money Talks
15553,2001,Promises
15577,2001,Ski Movie II: High Society
15601,1996,Gotti
15625,2002,Keep the Faith, Baby
15673,1996,The Italians
15697,1997,Future War
15721,2004,Krav Maga: Basic Combatives
15745,1999,The King and I (Animated)
15769,1987,Raw
15793,2005,The Girl Who Shagged Me
15817,2000,The Corner
15841,1979,Watership Down
15865,2001,Amelie: Bonus Material
15889,2001,I'm Going Home
15913,2003,Chasing Papi
15937,1994,Laadla
15961,2002,Dead and Rotting
15985,1978,Same Time, Next Year
16009,2002,High Times' Potluck
16033,1999,Introducing Dorothy Dandridge
16057,1964,Combat! Season 3: Operation 1
16081,1986,Shocked
16105,2003,Prison a-Go-Go!
16129,2003,Bob the Builder: Building Friendships
16153,2000,Big Eden
16177,2001,Jump Tomorrow
16201,1996,Waiting for Guffman
16225,1993,Snapdragon
16273,2004,Into the Sun
16345,1997,Hidden Hollywood
16369,1978,Little Feat: Rockpalast Live
16393,2000,Pokemon: The Movie 2000
16417,2000,Bad Girls from Valley High
16441,1992,Honey, I Blew Up the Kid
16465,1998,Meet Joe Black
16489,1987,Unsolved Mysteries: Miracles
16513,2001,The Sandy Bottom Orchestra
16537,1989,Grateful Dead: Downhill from Here
16561,1996,The Flower of My Secret
16585,2003,World Poker Tour: Season 1
16609,2003,Pretear
16633,2004,The Jack Paar Collection
16657,2000,Resurrection Blvd.: Season 1
16681,2000,Juliet in Love
16705,1994,Fresh
16753,1974,Effi Briest
16777,1994,Guantanamera
16801,1996,Dragon Ball Z: Broly's Second Coming
16825,1994,Maverick
16849,1980,Tommy & Tuppence: Partners in Crime: Set 2
16873,2003,Water's Edge
16897,1962,Panic in Year Zero / The Last Man on Earth: Double Feature
16921,1993,Dangerous Game
16945,1989,The Return of Swamp Thing
16969,2001,Donnie Darko
16993,2002,The Smashing Machine
17017,2002,Big Shot: Confessions of a Campus Bookie
17041,1999,Swing: Cal Pozo's Learn to Dance in Minutes
17065,1992,Forbidden Homework
17089,1960,Secret Agent A.K.A. Danger Man
17113,1994,Milk Money
17137,2001,Secret Ballot
17161,1987,Cirque du Soleil: Cirque Reinvented
17185,2003,Doppelganger
17209,1994,Holy Matrimony
17233,1973,Sex & Fury
17281,2004,The Clearing
17305,2000,Relative Values
17329,2001,Alias Betty
17353,2002,Scratch: Bonus Material
17377,2000,Louis Armstrong: Satchmo
17401,1979,The Champ
17425,2000,Best of Boys in Love
17449,2004,Born Into Brothels
17473,2002,Leela
17497,2002,Kurosawa: A Documentary on the Acclaimed Director
17521,2000,Neale Donald Walsch: On Abundance and Holistic Living
17545,2003,Heart
17569,1960,Davey and Goliath: Vol. 1: Collector's Edition
17593,2001,The Man Show: Season 3
17617,1971,Ginger
17641,1994,Homicide: Life on the Street: Season 4
17665,1998,Shark Skin Man and Peach Hip Girl
17689,2000,Kiss: Unauthorized Kiss
17713,2004,WWE: Summerslam 2004
17737,1985,Frank Zappa: Does Humor Belong in Music?
17761,2003,Levity
